model_class,config_repr,mean_rho,std_rho,mean_mae
lightgbm,"{'n_estimators': 100, 'learning_rate': 0.02, 'num_leaves': 15, 'min_child_samples': 10}",0.242245,0.014870,321.063853
lightgbm,"{'n_estimators': 100, 'learning_rate': 0.02, 'num_leaves': 15, 'min_child_samples': 20}",0.242335,0.015349,321.165926
lightgbm,"{'n_estimators': 100, 'learning_rate': 0.02, 'num_leaves': 15, 'min_child_samples': 50}",0.239966,0.014840,322.220046
lightgbm,"{'n_estimators': 100, 'learning_rate': 0.02, 'num_leaves': 31, 'min_child_samples': 10}",0.242827,0.014887,322.488425
lightgbm,"{'n_estimators': 100, 'learning_rate': 0.02, 'num_leaves': 31, 'min_child_samples': 20}",0.241633,0.015227,322.987616
lightgbm,"{'n_estimators': 100, 'learning_rate': 0.02, 'num_leaves': 31, 'min_child_samples': 50}",0.239635,0.015122,325.024337
lightgbm,"{'n_estimators': 100, 'learning_rate': 0.02, 'num_leaves': 63, 'min_child_samples': 10}",0.240500,0.014915,324.747242
lightgbm,"{'n_estimators': 100, 'learning_rate': 0.02, 'num_leaves': 63, 'min_child_samples': 20}",0.241341,0.016076,325.606870
lightgbm,"{'n_estimators': 100, 'learning_rate': 0.02, 'num_leaves': 63, 'min_child_samples': 50}",0.239220,0.016808,327.805722
lightgbm,"{'n_estimators': 100, 'learning_rate': 0.05, 'num_leaves': 15, 'min_child_samples': 10}",0.232008,0.012141,333.860789
lightgbm,"{'n_estimators': 100, 'learning_rate': 0.05, 'num_leaves': 15, 'min_child_samples': 20}",0.231108,0.015307,335.005628
lightgbm,"{'n_estimators': 100, 'learning_rate': 0.05, 'num_leaves': 15, 'min_child_samples': 50}",0.228597,0.013304,336.148946
lightgbm,"{'n_estimators': 100, 'learning_rate': 0.05, 'num_leaves': 31, 'min_child_samples': 10}",0.232615,0.014602,336.689782
lightgbm,"{'n_estimators': 100, 'learning_rate': 0.05, 'num_leaves': 31, 'min_child_samples': 20}",0.231809,0.016396,337.624406
lightgbm,"{'n_estimators': 100, 'learning_rate': 0.05, 'num_leaves': 31, 'min_child_samples': 50}",0.227517,0.012853,340.044404
lightgbm,"{'n_estimators': 100, 'learning_rate': 0.05, 'num_leaves': 63, 'min_child_samples': 10}",0.227872,0.016199,340.326395
lightgbm,"{'n_estimators': 100, 'learning_rate': 0.05, 'num_leaves': 63, 'min_child_samples': 20}",0.227349,0.015855,341.521228
lightgbm,"{'n_estimators': 100, 'learning_rate': 0.05, 'num_leaves': 63, 'min_child_samples': 50}",0.223629,0.011223,343.730823
lightgbm,"{'n_estimators': 100, 'learning_rate': 0.1, 'num_leaves': 15, 'min_child_samples': 10}",0.231239,0.016155,341.426030
lightgbm,"{'n_estimators': 100, 'learning_rate': 0.1, 'num_leaves': 15, 'min_child_samples': 20}",0.228697,0.013091,342.691083
lightgbm,"{'n_estimators': 100, 'learning_rate': 0.1, 'num_leaves': 15, 'min_child_samples': 50}",0.224394,0.013900,344.427398
lightgbm,"{'n_estimators': 100, 'learning_rate': 0.1, 'num_leaves': 31, 'min_child_samples': 10}",0.221925,0.015652,345.916810
lightgbm,"{'n_estimators': 100, 'learning_rate': 0.1, 'num_leaves': 31, 'min_child_samples': 20}",0.219426,0.014565,347.328445
lightgbm,"{'n_estimators': 100, 'learning_rate': 0.1, 'num_leaves': 31, 'min_child_samples': 50}",0.219787,0.010254,348.626830
lightgbm,"{'n_estimators': 100, 'learning_rate': 0.1, 'num_leaves': 63, 'min_child_samples': 10}",0.219008,0.015239,351.385770
lightgbm,"{'n_estimators': 100, 'learning_rate': 0.1, 'num_leaves': 63, 'min_child_samples': 20}",0.213600,0.018229,352.473737
lightgbm,"{'n_estimators': 100, 'learning_rate': 0.1, 'num_leaves': 63, 'min_child_samples': 50}",0.211570,0.014234,356.517723
lightgbm,"{'n_estimators': 200, 'learning_rate': 0.02, 'num_leaves': 15, 'min_child_samples': 10}",0.235260,0.013430,330.498964
lightgbm,"{'n_estimators': 200, 'learning_rate': 0.02, 'num_leaves': 15, 'min_child_samples': 20}",0.235143,0.014087,331.159932
lightgbm,"{'n_estimators': 200, 'learning_rate': 0.02, 'num_leaves': 15, 'min_child_samples': 50}",0.231482,0.014084,332.747220
lightgbm,"{'n_estimators': 200, 'learning_rate': 0.02, 'num_leaves': 31, 'min_child_samples': 10}",0.235375,0.014062,333.389718
lightgbm,"{'n_estimators': 200, 'learning_rate': 0.02, 'num_leaves': 31, 'min_child_samples': 20}",0.234024,0.013897,333.915963
lightgbm,"{'n_estimators': 200, 'learning_rate': 0.02, 'num_leaves': 31, 'min_child_samples': 50}",0.232019,0.013440,336.203310
lightgbm,"{'n_estimators': 200, 'learning_rate': 0.02, 'num_leaves': 63, 'min_child_samples': 10}",0.234792,0.013255,336.123239
lightgbm,"{'n_estimators': 200, 'learning_rate': 0.02, 'num_leaves': 63, 'min_child_samples': 20}",0.233460,0.015320,336.746034
lightgbm,"{'n_estimators': 200, 'learning_rate': 0.02, 'num_leaves': 63, 'min_child_samples': 50}",0.230378,0.016604,339.683331
lightgbm,"{'n_estimators': 200, 'learning_rate': 0.05, 'num_leaves': 15, 'min_child_samples': 10}",0.231428,0.009871,340.315606
lightgbm,"{'n_estimators': 200, 'learning_rate': 0.05, 'num_leaves': 15, 'min_child_samples': 20}",0.227231,0.013442,341.582706
lightgbm,"{'n_estimators': 200, 'learning_rate': 0.05, 'num_leaves': 15, 'min_child_samples': 50}",0.226909,0.014349,342.934186
lightgbm,"{'n_estimators': 200, 'learning_rate': 0.05, 'num_leaves': 31, 'min_child_samples': 10}",0.228545,0.014560,343.464388
lightgbm,"{'n_estimators': 200, 'learning_rate': 0.05, 'num_leaves': 31, 'min_child_samples': 20}",0.225730,0.016024,344.423956
lightgbm,"{'n_estimators': 200, 'learning_rate': 0.05, 'num_leaves': 31, 'min_child_samples': 50}",0.222102,0.011516,347.488622
lightgbm,"{'n_estimators': 200, 'learning_rate': 0.05, 'num_leaves': 63, 'min_child_samples': 10}",0.221412,0.017465,347.861210
lightgbm,"{'n_estimators': 200, 'learning_rate': 0.05, 'num_leaves': 63, 'min_child_samples': 20}",0.220085,0.018170,349.901244
lightgbm,"{'n_estimators': 200, 'learning_rate': 0.05, 'num_leaves': 63, 'min_child_samples': 50}",0.215735,0.010744,353.050879
lightgbm,"{'n_estimators': 200, 'learning_rate': 0.1, 'num_leaves': 15, 'min_child_samples': 10}",0.227954,0.018118,347.148377
lightgbm,"{'n_estimators': 200, 'learning_rate': 0.1, 'num_leaves': 15, 'min_child_samples': 20}",0.226788,0.013207,348.397324
lightgbm,"{'n_estimators': 200, 'learning_rate': 0.1, 'num_leaves': 15, 'min_child_samples': 50}",0.219900,0.015291,350.371036
lightgbm,"{'n_estimators': 200, 'learning_rate': 0.1, 'num_leaves': 31, 'min_child_samples': 10}",0.218201,0.020834,353.460125
lightgbm,"{'n_estimators': 200, 'learning_rate': 0.1, 'num_leaves': 31, 'min_child_samples': 20}",0.209802,0.016588,356.131483
lightgbm,"{'n_estimators': 200, 'learning_rate': 0.1, 'num_leaves': 31, 'min_child_samples': 50}",0.214469,0.011289,357.805078
lightgbm,"{'n_estimators': 200, 'learning_rate': 0.1, 'num_leaves': 63, 'min_child_samples': 10}",0.208652,0.014868,360.898494
lightgbm,"{'n_estimators': 200, 'learning_rate': 0.1, 'num_leaves': 63, 'min_child_samples': 20}",0.206063,0.017509,362.247350
lightgbm,"{'n_estimators': 200, 'learning_rate': 0.1, 'num_leaves': 63, 'min_child_samples': 50}",0.203088,0.009492,368.371336
lightgbm,"{'n_estimators': 400, 'learning_rate': 0.02, 'num_leaves': 15, 'min_child_samples': 10}",0.232788,0.012056,338.021040
lightgbm,"{'n_estimators': 400, 'learning_rate': 0.02, 'num_leaves': 15, 'min_child_samples': 20}",0.232557,0.011769,338.834449
lightgbm,"{'n_estimators': 400, 'learning_rate': 0.02, 'num_leaves': 15, 'min_child_samples': 50}",0.227951,0.011809,340.831960
lightgbm,"{'n_estimators': 400, 'learning_rate': 0.02, 'num_leaves': 31, 'min_child_samples': 10}",0.233239,0.012554,340.607804
lightgbm,"{'n_estimators': 400, 'learning_rate': 0.02, 'num_leaves': 31, 'min_child_samples': 20}",0.230366,0.014243,341.674640
lightgbm,"{'n_estimators': 400, 'learning_rate': 0.02, 'num_leaves': 31, 'min_child_samples': 50}",0.226532,0.011274,344.252644
lightgbm,"{'n_estimators': 400, 'learning_rate': 0.02, 'num_leaves': 63, 'min_child_samples': 10}",0.229329,0.014497,343.712487
lightgbm,"{'n_estimators': 400, 'learning_rate': 0.02, 'num_leaves': 63, 'min_child_samples': 20}",0.226931,0.014986,345.118232
lightgbm,"{'n_estimators': 400, 'learning_rate': 0.02, 'num_leaves': 63, 'min_child_samples': 50}",0.221064,0.013908,348.797241
lightgbm,"{'n_estimators': 400, 'learning_rate': 0.05, 'num_leaves': 15, 'min_child_samples': 10}",0.227760,0.010569,346.089839
lightgbm,"{'n_estimators': 400, 'learning_rate': 0.05, 'num_leaves': 15, 'min_child_samples': 20}",0.223048,0.013900,347.173171
lightgbm,"{'n_estimators': 400, 'learning_rate': 0.05, 'num_leaves': 15, 'min_child_samples': 50}",0.224107,0.017299,348.929954
lightgbm,"{'n_estimators': 400, 'learning_rate': 0.05, 'num_leaves': 31, 'min_child_samples': 10}",0.223518,0.017039,350.917818
lightgbm,"{'n_estimators': 400, 'learning_rate': 0.05, 'num_leaves': 31, 'min_child_samples': 20}",0.215165,0.017208,352.489853
lightgbm,"{'n_estimators': 400, 'learning_rate': 0.05, 'num_leaves': 31, 'min_child_samples': 50}",0.214786,0.010143,355.816192
lightgbm,"{'n_estimators': 400, 'learning_rate': 0.05, 'num_leaves': 63, 'min_child_samples': 10}",0.213608,0.018223,356.423595
lightgbm,"{'n_estimators': 400, 'learning_rate': 0.05, 'num_leaves': 63, 'min_child_samples': 20}",0.211533,0.016420,359.453740
lightgbm,"{'n_estimators': 400, 'learning_rate': 0.05, 'num_leaves': 63, 'min_child_samples': 50}",0.207547,0.009224,364.359981
lightgbm,"{'n_estimators': 400, 'learning_rate': 0.1, 'num_leaves': 15, 'min_child_samples': 10}",0.219426,0.017303,355.561842
lightgbm,"{'n_estimators': 400, 'learning_rate': 0.1, 'num_leaves': 15, 'min_child_samples': 20}",0.213749,0.012664,356.778241
lightgbm,"{'n_estimators': 400, 'learning_rate': 0.1, 'num_leaves': 15, 'min_child_samples': 50}",0.212096,0.015898,359.621349
lightgbm,"{'n_estimators': 400, 'learning_rate': 0.1, 'num_leaves': 31, 'min_child_samples': 10}",0.211294,0.020757,363.322560
lightgbm,"{'n_estimators': 400, 'learning_rate': 0.1, 'num_leaves': 31, 'min_child_samples': 20}",0.200055,0.011058,366.698803
lightgbm,"{'n_estimators': 400, 'learning_rate': 0.1, 'num_leaves': 31, 'min_child_samples': 50}",0.200086,0.011268,370.451036
lightgbm,"{'n_estimators': 400, 'learning_rate': 0.1, 'num_leaves': 63, 'min_child_samples': 10}",0.196911,0.011603,372.008585
lightgbm,"{'n_estimators': 400, 'learning_rate': 0.1, 'num_leaves': 63, 'min_child_samples': 20}",0.193573,0.014098,375.151995
lightgbm,"{'n_estimators': 400, 'learning_rate': 0.1, 'num_leaves': 63, 'min_child_samples': 50}",0.193415,0.009732,382.698804
lightgbm,"{'n_estimators': 800, 'learning_rate': 0.02, 'num_leaves': 15, 'min_child_samples': 10}",0.230176,0.013762,343.603542
lightgbm,"{'n_estimators': 800, 'learning_rate': 0.02, 'num_leaves': 15, 'min_child_samples': 20}",0.229027,0.012318,344.329620
lightgbm,"{'n_estimators': 800, 'learning_rate': 0.02, 'num_leaves': 15, 'min_child_samples': 50}",0.226191,0.013442,346.587064
lightgbm,"{'n_estimators': 800, 'learning_rate': 0.02, 'num_leaves': 31, 'min_child_samples': 10}",0.227247,0.012542,347.271270
lightgbm,"{'n_estimators': 800, 'learning_rate': 0.02, 'num_leaves': 31, 'min_child_samples': 20}",0.223499,0.013469,348.678828
lightgbm,"{'n_estimators': 800, 'learning_rate': 0.02, 'num_leaves': 31, 'min_child_samples': 50}",0.219189,0.011832,351.530500
lightgbm,"{'n_estimators': 800, 'learning_rate': 0.02, 'num_leaves': 63, 'min_child_samples': 10}",0.222792,0.016858,351.460076
lightgbm,"{'n_estimators': 800, 'learning_rate': 0.02, 'num_leaves': 63, 'min_child_samples': 20}",0.221733,0.014271,353.469121
lightgbm,"{'n_estimators': 800, 'learning_rate': 0.02, 'num_leaves': 63, 'min_child_samples': 50}",0.210121,0.012045,358.794989
lightgbm,"{'n_estimators': 800, 'learning_rate': 0.05, 'num_leaves': 15, 'min_child_samples': 10}",0.218842,0.013297,353.885241
lightgbm,"{'n_estimators': 800, 'learning_rate': 0.05, 'num_leaves': 15, 'min_child_samples': 20}",0.215608,0.011948,356.228052
lightgbm,"{'n_estimators': 800, 'learning_rate': 0.05, 'num_leaves': 15, 'min_child_samples': 50}",0.212885,0.018019,358.410504
lightgbm,"{'n_estimators': 800, 'learning_rate': 0.05, 'num_leaves': 31, 'min_child_samples': 10}",0.212431,0.016899,360.754715
lightgbm,"{'n_estimators': 800, 'learning_rate': 0.05, 'num_leaves': 31, 'min_child_samples': 20}",0.207653,0.017432,362.673599
lightgbm,"{'n_estimators': 800, 'learning_rate': 0.05, 'num_leaves': 31, 'min_child_samples': 50}",0.202394,0.011230,368.246727
lightgbm,"{'n_estimators': 800, 'learning_rate': 0.05, 'num_leaves': 63, 'min_child_samples': 10}",0.202970,0.018181,366.873422
lightgbm,"{'n_estimators': 800, 'learning_rate': 0.05, 'num_leaves': 63, 'min_child_samples': 20}",0.199121,0.013934,371.732628
lightgbm,"{'n_estimators': 800, 'learning_rate': 0.05, 'num_leaves': 63, 'min_child_samples': 50}",0.198618,0.009193,378.309331
lightgbm,"{'n_estimators': 800, 'learning_rate': 0.1, 'num_leaves': 15, 'min_child_samples': 10}",0.212921,0.019958,366.427222
lightgbm,"{'n_estimators': 800, 'learning_rate': 0.1, 'num_leaves': 15, 'min_child_samples': 20}",0.201483,0.013339,368.690081
lightgbm,"{'n_estimators': 800, 'learning_rate': 0.1, 'num_leaves': 15, 'min_child_samples': 50}",0.197727,0.018575,373.727009
lightgbm,"{'n_estimators': 800, 'learning_rate': 0.1, 'num_leaves': 31, 'min_child_samples': 10}",0.199488,0.018897,375.333696
lightgbm,"{'n_estimators': 800, 'learning_rate': 0.1, 'num_leaves': 31, 'min_child_samples': 20}",0.189525,0.007307,379.603427
lightgbm,"{'n_estimators': 800, 'learning_rate': 0.1, 'num_leaves': 31, 'min_child_samples': 50}",0.189588,0.010766,385.475919
lightgbm,"{'n_estimators': 800, 'learning_rate': 0.1, 'num_leaves': 63, 'min_child_samples': 10}",0.191680,0.012773,381.045379
lightgbm,"{'n_estimators': 800, 'learning_rate': 0.1, 'num_leaves': 63, 'min_child_samples': 20}",0.184765,0.013964,387.106789
lightgbm,"{'n_estimators': 800, 'learning_rate': 0.1, 'num_leaves': 63, 'min_child_samples': 50}",0.180992,0.007511,397.123777
ridge,{'alpha': 0.1},0.185166,0.049583,359.544887
ridge,{'alpha': 1.0},0.185228,0.049475,355.932277
ridge,{'alpha': 10.0},0.194681,0.033545,345.773050
ridge,{'alpha': 100.0},0.202226,0.024145,341.270673
xgboost,"{'n_estimators': 100, 'learning_rate': 0.02, 'max_depth': 4, 'min_child_weight': 1}",0.110428,0.024132,326.230526
xgboost,"{'n_estimators': 100, 'learning_rate': 0.02, 'max_depth': 4, 'min_child_weight': 5}",0.217528,0.016908,321.786717
xgboost,"{'n_estimators': 100, 'learning_rate': 0.02, 'max_depth': 4, 'min_child_weight': 10}",0.234861,0.015292,319.506393
xgboost,"{'n_estimators': 100, 'learning_rate': 0.02, 'max_depth': 6, 'min_child_weight': 1}",0.144706,0.027571,325.537587
xgboost,"{'n_estimators': 100, 'learning_rate': 0.02, 'max_depth': 6, 'min_child_weight': 5}",0.218719,0.011713,324.378183
xgboost,"{'n_estimators': 100, 'learning_rate': 0.02, 'max_depth': 6, 'min_child_weight': 10}",0.237580,0.015060,320.889363
xgboost,"{'n_estimators': 100, 'learning_rate': 0.02, 'max_depth': 8, 'min_child_weight': 1}",0.169483,0.010810,324.251173
xgboost,"{'n_estimators': 100, 'learning_rate': 0.02, 'max_depth': 8, 'min_child_weight': 5}",0.215563,0.010369,328.049132
xgboost,"{'n_estimators': 100, 'learning_rate': 0.02, 'max_depth': 8, 'min_child_weight': 10}",0.239121,0.012059,323.457061
xgboost,"{'n_estimators': 100, 'learning_rate': 0.05, 'max_depth': 4, 'min_child_weight': 1}",0.166776,0.008881,325.587588
xgboost,"{'n_estimators': 100, 'learning_rate': 0.05, 'max_depth': 4, 'min_child_weight': 5}",0.209692,0.016275,336.084529
xgboost,"{'n_estimators': 100, 'learning_rate': 0.05, 'max_depth': 4, 'min_child_weight': 10}",0.232505,0.013232,330.211532
xgboost,"{'n_estimators': 100, 'learning_rate': 0.05, 'max_depth': 6, 'min_child_weight': 1}",0.163874,0.013311,324.586229
xgboost,"{'n_estimators': 100, 'learning_rate': 0.05, 'max_depth': 6, 'min_child_weight': 5}",0.209169,0.013281,341.226312
xgboost,"{'n_estimators': 100, 'learning_rate': 0.05, 'max_depth': 6, 'min_child_weight': 10}",0.232084,0.013106,334.746656
xgboost,"{'n_estimators': 100, 'learning_rate': 0.05, 'max_depth': 8, 'min_child_weight': 1}",0.166484,0.010817,323.342469
xgboost,"{'n_estimators': 100, 'learning_rate': 0.05, 'max_depth': 8, 'min_child_weight': 5}",0.209158,0.011693,345.826234
xgboost,"{'n_estimators': 100, 'learning_rate': 0.05, 'max_depth': 8, 'min_child_weight': 10}",0.230332,0.013044,337.928971
xgboost,"{'n_estimators': 100, 'learning_rate': 0.1, 'max_depth': 4, 'min_child_weight': 1}",0.156929,0.013240,327.299689
xgboost,"{'n_estimators': 100, 'learning_rate': 0.1, 'max_depth': 4, 'min_child_weight': 5}",0.206947,0.016622,349.069108
xgboost,"{'n_estimators': 100, 'learning_rate': 0.1, 'max_depth': 4, 'min_child_weight': 10}",0.226052,0.010983,340.460744
xgboost,"{'n_estimators': 100, 'learning_rate': 0.1, 'max_depth': 6, 'min_child_weight': 1}",0.162912,0.020395,325.945426
xgboost,"{'n_estimators': 100, 'learning_rate': 0.1, 'max_depth': 6, 'min_child_weight': 5}",0.206924,0.012718,354.507641
xgboost,"{'n_estimators': 100, 'learning_rate': 0.1, 'max_depth': 6, 'min_child_weight': 10}",0.221996,0.013541,345.080626
xgboost,"{'n_estimators': 100, 'learning_rate': 0.1, 'max_depth': 8, 'min_child_weight': 1}",0.171164,0.013369,325.834354
xgboost,"{'n_estimators': 100, 'learning_rate': 0.1, 'max_depth': 8, 'min_child_weight': 5}",0.203596,0.014316,359.723438
xgboost,"{'n_estimators': 100, 'learning_rate': 0.1, 'max_depth': 8, 'min_child_weight': 10}",0.216766,0.013012,350.572419
xgboost,"{'n_estimators': 200, 'learning_rate': 0.02, 'max_depth': 4, 'min_child_weight': 1}",0.167622,0.016064,326.007859
xgboost,"{'n_estimators': 200, 'learning_rate': 0.02, 'max_depth': 4, 'min_child_weight': 5}",0.212433,0.017705,331.796030
xgboost,"{'n_estimators': 200, 'learning_rate': 0.02, 'max_depth': 4, 'min_child_weight': 10}",0.233445,0.014548,326.850276
xgboost,"{'n_estimators': 200, 'learning_rate': 0.02, 'max_depth': 6, 'min_child_weight': 1}",0.162223,0.018086,324.664233
xgboost,"{'n_estimators': 200, 'learning_rate': 0.02, 'max_depth': 6, 'min_child_weight': 5}",0.212807,0.014538,336.694370
xgboost,"{'n_estimators': 200, 'learning_rate': 0.02, 'max_depth': 6, 'min_child_weight': 10}",0.234358,0.011721,330.474169
xgboost,"{'n_estimators': 200, 'learning_rate': 0.02, 'max_depth': 8, 'min_child_weight': 1}",0.162371,0.015338,323.573584
xgboost,"{'n_estimators': 200, 'learning_rate': 0.02, 'max_depth': 8, 'min_child_weight': 5}",0.212928,0.012843,340.620699
xgboost,"{'n_estimators': 200, 'learning_rate': 0.02, 'max_depth': 8, 'min_child_weight': 10}",0.231221,0.010742,334.219719
xgboost,"{'n_estimators': 200, 'learning_rate': 0.05, 'max_depth': 4, 'min_child_weight': 1}",0.168525,0.010237,326.953564
xgboost,"{'n_estimators': 200, 'learning_rate': 0.05, 'max_depth': 4, 'min_child_weight': 5}",0.205760,0.017715,348.115920
xgboost,"{'n_estimators': 200, 'learning_rate': 0.05, 'max_depth': 4, 'min_child_weight': 10}",0.228103,0.012067,339.553761
xgboost,"{'n_estimators': 200, 'learning_rate': 0.05, 'max_depth': 6, 'min_child_weight': 1}",0.171756,0.013849,325.898248
xgboost,"{'n_estimators': 200, 'learning_rate': 0.05, 'max_depth': 6, 'min_child_weight': 5}",0.206276,0.012265,352.931360
xgboost,"{'n_estimators': 200, 'learning_rate': 0.05, 'max_depth': 6, 'min_child_weight': 10}",0.229150,0.010194,343.741603
xgboost,"{'n_estimators': 200, 'learning_rate': 0.05, 'max_depth': 8, 'min_child_weight': 1}",0.171729,0.014463,325.278258
xgboost,"{'n_estimators': 200, 'learning_rate': 0.05, 'max_depth': 8, 'min_child_weight': 5}",0.207264,0.012071,357.081775
xgboost,"{'n_estimators': 200, 'learning_rate': 0.05, 'max_depth': 8, 'min_child_weight': 10}",0.221223,0.013785,348.027139
xgboost,"{'n_estimators': 200, 'learning_rate': 0.1, 'max_depth': 4, 'min_child_weight': 1}",0.163487,0.012897,330.965686
xgboost,"{'n_estimators': 200, 'learning_rate': 0.1, 'max_depth': 4, 'min_child_weight': 5}",0.203766,0.016132,358.782791
xgboost,"{'n_estimators': 200, 'learning_rate': 0.1, 'max_depth': 4, 'min_child_weight': 10}",0.220114,0.014450,348.409838
xgboost,"{'n_estimators': 200, 'learning_rate': 0.1, 'max_depth': 6, 'min_child_weight': 1}",0.162202,0.016119,330.184422
xgboost,"{'n_estimators': 200, 'learning_rate': 0.1, 'max_depth': 6, 'min_child_weight': 5}",0.199476,0.012498,366.082344
xgboost,"{'n_estimators': 200, 'learning_rate': 0.1, 'max_depth': 6, 'min_child_weight': 10}",0.212456,0.016313,355.945830
xgboost,"{'n_estimators': 200, 'learning_rate': 0.1, 'max_depth': 8, 'min_child_weight': 1}",0.152302,0.015387,330.974171
xgboost,"{'n_estimators': 200, 'learning_rate': 0.1, 'max_depth': 8, 'min_child_weight': 5}",0.193717,0.015502,371.975204
xgboost,"{'n_estimators': 200, 'learning_rate': 0.1, 'max_depth': 8, 'min_child_weight': 10}",0.201896,0.014767,362.966422
xgboost,"{'n_estimators': 400, 'learning_rate': 0.02, 'max_depth': 4, 'min_child_weight': 1}",0.167925,0.013934,326.665884
xgboost,"{'n_estimators': 400, 'learning_rate': 0.02, 'max_depth': 4, 'min_child_weight': 5}",0.208288,0.018503,343.943618
xgboost,"{'n_estimators': 400, 'learning_rate': 0.02, 'max_depth': 4, 'min_child_weight': 10}",0.229413,0.012333,336.525942
xgboost,"{'n_estimators': 400, 'learning_rate': 0.02, 'max_depth': 6, 'min_child_weight': 1}",0.174162,0.012449,325.207094
xgboost,"{'n_estimators': 400, 'learning_rate': 0.02, 'max_depth': 6, 'min_child_weight': 5}",0.208780,0.012634,349.102045
xgboost,"{'n_estimators': 400, 'learning_rate': 0.02, 'max_depth': 6, 'min_child_weight': 10}",0.230319,0.009221,340.031043
xgboost,"{'n_estimators': 400, 'learning_rate': 0.02, 'max_depth': 8, 'min_child_weight': 1}",0.179422,0.015423,324.422006
xgboost,"{'n_estimators': 400, 'learning_rate': 0.02, 'max_depth': 8, 'min_child_weight': 5}",0.208701,0.011698,352.822710
xgboost,"{'n_estimators': 400, 'learning_rate': 0.02, 'max_depth': 8, 'min_child_weight': 10}",0.226654,0.010508,344.193768
xgboost,"{'n_estimators': 400, 'learning_rate': 0.05, 'max_depth': 4, 'min_child_weight': 1}",0.166112,0.012097,330.643192
xgboost,"{'n_estimators': 400, 'learning_rate': 0.05, 'max_depth': 4, 'min_child_weight': 5}",0.205758,0.018744,357.429989
xgboost,"{'n_estimators': 400, 'learning_rate': 0.05, 'max_depth': 4, 'min_child_weight': 10}",0.223146,0.012871,346.745771
xgboost,"{'n_estimators': 400, 'learning_rate': 0.05, 'max_depth': 6, 'min_child_weight': 1}",0.164458,0.013586,330.184518
xgboost,"{'n_estimators': 400, 'learning_rate': 0.05, 'max_depth': 6, 'min_child_weight': 5}",0.203584,0.015329,363.427460
xgboost,"{'n_estimators': 400, 'learning_rate': 0.05, 'max_depth': 6, 'min_child_weight': 10}",0.218701,0.011209,353.556875
xgboost,"{'n_estimators': 400, 'learning_rate': 0.05, 'max_depth': 8, 'min_child_weight': 1}",0.154101,0.016043,329.964390
xgboost,"{'n_estimators': 400, 'learning_rate': 0.05, 'max_depth': 8, 'min_child_weight': 5}",0.196494,0.015427,369.167209
xgboost,"{'n_estimators': 400, 'learning_rate': 0.05, 'max_depth': 8, 'min_child_weight': 10}",0.210178,0.016905,358.607836
xgboost,"{'n_estimators': 400, 'learning_rate': 0.1, 'max_depth': 4, 'min_child_weight': 1}",0.151277,0.016806,337.750840
xgboost,"{'n_estimators': 400, 'learning_rate': 0.1, 'max_depth': 4, 'min_child_weight': 5}",0.193713,0.013917,371.201416
xgboost,"{'n_estimators': 400, 'learning_rate': 0.1, 'max_depth': 4, 'min_child_weight': 10}",0.206917,0.016499,358.087015
xgboost,"{'n_estimators': 400, 'learning_rate': 0.1, 'max_depth': 6, 'min_child_weight': 1}",0.142032,0.014143,336.363956
xgboost,"{'n_estimators': 400, 'learning_rate': 0.1, 'max_depth': 6, 'min_child_weight': 5}",0.186425,0.016038,380.212670
xgboost,"{'n_estimators': 400, 'learning_rate': 0.1, 'max_depth': 6, 'min_child_weight': 10}",0.200174,0.017270,369.107474
xgboost,"{'n_estimators': 400, 'learning_rate': 0.1, 'max_depth': 8, 'min_child_weight': 1}",0.137279,0.013681,335.707362
xgboost,"{'n_estimators': 400, 'learning_rate': 0.1, 'max_depth': 8, 'min_child_weight': 5}",0.182855,0.016398,383.566543
xgboost,"{'n_estimators': 400, 'learning_rate': 0.1, 'max_depth': 8, 'min_child_weight': 10}",0.189981,0.013395,377.260601
xgboost,"{'n_estimators': 800, 'learning_rate': 0.02, 'max_depth': 4, 'min_child_weight': 1}",0.176367,0.012719,329.349422
xgboost,"{'n_estimators': 800, 'learning_rate': 0.02, 'max_depth': 4, 'min_child_weight': 5}",0.207565,0.016974,353.753970
xgboost,"{'n_estimators': 800, 'learning_rate': 0.02, 'max_depth': 4, 'min_child_weight': 10}",0.226275,0.010062,344.089847
xgboost,"{'n_estimators': 800, 'learning_rate': 0.02, 'max_depth': 6, 'min_child_weight': 1}",0.172465,0.013744,328.615867
xgboost,"{'n_estimators': 800, 'learning_rate': 0.02, 'max_depth': 6, 'min_child_weight': 5}",0.205755,0.014545,359.268526
xgboost,"{'n_estimators': 800, 'learning_rate': 0.02, 'max_depth': 6, 'min_child_weight': 10}",0.224354,0.010592,348.825971
xgboost,"{'n_estimators': 800, 'learning_rate': 0.02, 'max_depth': 8, 'min_child_weight': 1}",0.165287,0.017438,328.300454
xgboost,"{'n_estimators': 800, 'learning_rate': 0.02, 'max_depth': 8, 'min_child_weight': 5}",0.202198,0.010634,363.889789
xgboost,"{'n_estimators': 800, 'learning_rate': 0.02, 'max_depth': 8, 'min_child_weight': 10}",0.218988,0.011058,353.790485
xgboost,"{'n_estimators': 800, 'learning_rate': 0.05, 'max_depth': 4, 'min_child_weight': 1}",0.150567,0.016060,337.535454
xgboost,"{'n_estimators': 800, 'learning_rate': 0.05, 'max_depth': 4, 'min_child_weight': 5}",0.194490,0.018823,370.369987
xgboost,"{'n_estimators': 800, 'learning_rate': 0.05, 'max_depth': 4, 'min_child_weight': 10}",0.212752,0.015016,355.720414
xgboost,"{'n_estimators': 800, 'learning_rate': 0.05, 'max_depth': 6, 'min_child_weight': 1}",0.144066,0.014641,336.514262
xgboost,"{'n_estimators': 800, 'learning_rate': 0.05, 'max_depth': 6, 'min_child_weight': 5}",0.190231,0.015126,376.804664
xgboost,"{'n_estimators': 800, 'learning_rate': 0.05, 'max_depth': 6, 'min_child_weight': 10}",0.210148,0.010825,365.480238
xgboost,"{'n_estimators': 800, 'learning_rate': 0.05, 'max_depth': 8, 'min_child_weight': 1}",0.136974,0.015520,334.991596
xgboost,"{'n_estimators': 800, 'learning_rate': 0.05, 'max_depth': 8, 'min_child_weight': 5}",0.187571,0.016712,379.616111
xgboost,"{'n_estimators': 800, 'learning_rate': 0.05, 'max_depth': 8, 'min_child_weight': 10}",0.195868,0.015154,371.930374
xgboost,"{'n_estimators': 800, 'learning_rate': 0.1, 'max_depth': 4, 'min_child_weight': 1}",0.131969,0.010876,345.318655
xgboost,"{'n_estimators': 800, 'learning_rate': 0.1, 'max_depth': 4, 'min_child_weight': 5}",0.182603,0.012887,386.804522
xgboost,"{'n_estimators': 800, 'learning_rate': 0.1, 'max_depth': 4, 'min_child_weight': 10}",0.192090,0.017235,371.534450
xgboost,"{'n_estimators': 800, 'learning_rate': 0.1, 'max_depth': 6, 'min_child_weight': 1}",0.124621,0.013289,340.645696
xgboost,"{'n_estimators': 800, 'learning_rate': 0.1, 'max_depth': 6, 'min_child_weight': 5}",0.178714,0.015618,393.466551
xgboost,"{'n_estimators': 800, 'learning_rate': 0.1, 'max_depth': 6, 'min_child_weight': 10}",0.187051,0.015739,384.800765
xgboost,"{'n_estimators': 800, 'learning_rate': 0.1, 'max_depth': 8, 'min_child_weight': 1}",0.133574,0.013702,337.989284
xgboost,"{'n_estimators': 800, 'learning_rate': 0.1, 'max_depth': 8, 'min_child_weight': 5}",0.176460,0.016596,392.381454
xgboost,"{'n_estimators': 800, 'learning_rate': 0.1, 'max_depth': 8, 'min_child_weight': 10}",0.178101,0.011236,390.246352
